{
    "Position": {
        "x": 0.8866811394691467,
        "y": 2.0,
        "z": 4.905915260314941
    },
    "Rotation": {
        "x": 0.0,
        "y": 0.08715615421533585,
        "z": 0.0,
        "w": 0.9961946606636047
    },
    "Heart": 3,
    "Stamina": 200.0
}